Content-Type: text/html; charset=utf-8

<?xml version="1.0"?>
    <ns2:testcase xmlns:ns2="http://jazz.net/xmlns/alm/qm/v0.1/" xmlns:ns1="http://www.w3.org/1999/02/22-rdf-syntax-ns#" xmlns:ns3="http://schema.ibm.com/vega/2008/" xmlns:ns4="http://purl.org/dc/elements/1.1/" xmlns:ns5="http://jazz.net/xmlns/prod/jazz/process/0.6/" xmlns:ns6="http://jazz.net/xmlns/alm/v0.1/" xmlns:ns7="http://purl.org/dc/terms/" xmlns:ns8="http://jazz.net/xmlns/alm/qm/v0.1/testscript/v0.1/" xmlns:ns9="http://jazz.net/xmlns/alm/qm/v0.1/executionworkitem/v0.1" xmlns:ns10="http://open-services.net/ns/core#" xmlns:ns11="http://open-services.net/ns/qm#" xmlns:ns12="http://jazz.net/xmlns/prod/jazz/rqm/process/1.0/" xmlns:ns13="http://www.w3.org/2002/07/owl#" xmlns:ns14="http://jazz.net/xmlns/alm/qm/qmadapter/v0.1" xmlns:ns15="http://jazz.net/xmlns/alm/qm/qmadapter/task/v0.1" xmlns:ns16="http://jazz.net/xmlns/alm/qm/v0.1/executionresult/v0.1" xmlns:ns17="http://jazz.net/xmlns/alm/qm/v0.1/catalog/v0.1" xmlns:ns18="http://jazz.net/xmlns/alm/qm/v0.1/tsl/v0.1/" xmlns:ns20="http://jazz.net/xmlns/alm/qm/styleinfo/v0.1/" xmlns:ns21="http://www.w3.org/1999/XSL/Transform">
    
         <ns4:title>FSP Configuration</ns4:title>
         <ns4:description/>FSP creation for Denverton AD project
    	 <ns2:creationDate>Jan. 29, 2018, 4:50 a.m.</ns2:creationDate>    
    	 <ns4:creator ns1:resource="https://rtc.intel.com/jts/resource/itemName/com.ibm.team.repository.Contributor/rskhandx">rskhandx</ns4:creator>
    	 <ns6:owner>RanganathSharma Khandavally</ns6:owner>    	 
    
         <ns4:title>FSP Configuration</ns4:title>
         <ns4:description/>FSP creation for Denverton AD project
    	 <ns2:creationDate>Jan. 29, 2018, 4:55 a.m.</ns2:creationDate>    
    	 <ns4:creator ns1:resource="https://rtc.intel.com/jts/resource/itemName/com.ibm.team.repository.Contributor/rskhandx">rskhandx</ns4:creator>
    	 <ns6:owner>RanganathSharma Khandavally</ns6:owner>    	 
    
         <ns4:title>FSP</ns4:title>
         <ns4:description/>FSP testing 
    	 <ns2:creationDate>Jan. 29, 2018, 10:09 a.m.</ns2:creationDate>    
    	 <ns4:creator ns1:resource="https://rtc.intel.com/jts/resource/itemName/com.ibm.team.repository.Contributor/rskhandx">rskhandx</ns4:creator>
    	 <ns6:owner>James Subramaniam</ns6:owner>    	 
    
         <ns4:title>FSP Validate</ns4:title>
         <ns4:description/>FSP Testing
    	 <ns2:creationDate>Jan. 30, 2018, 4:07 a.m.</ns2:creationDate>    
    	 <ns4:creator ns1:resource="https://rtc.intel.com/jts/resource/itemName/com.ibm.team.repository.Contributor/rskhandx">rskhandx</ns4:creator>
    	 <ns6:owner>James Subramaniam</ns6:owner>    	 
    
    </ns2:testcase>