<?xml version="1.0" encoding="UTF-8"?><ns2:testcase xmlns:ns2="http://jazz.net/xmlns/alm/qm/v0.1/" xmlns:ns1="http://www.w3.org/1999/02/22-rdf-syntax-ns#" xmlns:ns3="http://schema.ibm.com/vega/2008/" xmlns:ns4="http://purl.org/dc/elements/1.1/" xmlns:ns5="http://jazz.net/xmlns/prod/jazz/process/0.6/" xmlns:ns6="http://jazz.net/xmlns/alm/v0.1/" xmlns:ns7="http://purl.org/dc/terms/" xmlns:ns8="http://jazz.net/xmlns/alm/qm/v0.1/testscript/v0.1/" xmlns:ns9="http://jazz.net/xmlns/alm/qm/v0.1/executionworkitem/v0.1" xmlns:ns10="http://open-services.net/ns/core#" xmlns:ns11="http://open-services.net/ns/qm#" xmlns:ns12="http://jazz.net/xmlns/prod/jazz/rqm/process/1.0/" xmlns:ns13="http://www.w3.org/2002/07/owl#" xmlns:ns14="http://jazz.net/xmlns/alm/qm/qmadapter/v0.1" xmlns:ns15="http://jazz.net/xmlns/alm/qm/qmadapter/task/v0.1" xmlns:ns16="http://jazz.net/xmlns/alm/qm/v0.1/executionresult/v0.1" xmlns:ns17="http://jazz.net/xmlns/alm/qm/v0.1/catalog/v0.1" xmlns:ns18="http://jazz.net/xmlns/alm/qm/v0.1/tsl/v0.1/" xmlns:ns20="http://jazz.net/xmlns/alm/qm/styleinfo/v0.1/" xmlns:ns21="http://www.w3.org/1999/XSL/Transform">
    <ns4:title>FSP Configuration</ns4:title>
    <ns4:description/>
    <ns2:creationDate>2018-03-14 15:33:58.981000</ns2:creationDate>    
    <ns6:state ns1:resource="https://rtc.intel.com/rqm0001001/service/com.ibm.rqm.integration.service.IIntegrationService/process-info/_j9qrIlssEeaEZsWgenb8Uw/workflowstate/com.ibm.rqm.process.testcase.workflow/com.ibm.rqm.planning.common.new">com.ibm.rqm.planning.common.new</ns6:state>
    <ns4:creator ns1:resource="https://rtc.intel.com/jts/resource/itemName/com.ibm.team.repository.Contributor/rskhandx">rskhandx</ns4:creator>
    <ns6:owner>James Subramaniam</ns6:owner>
    <ns2:locked>false</ns2:locked>
    <ns2:weight>100</ns2:weight>
    <ns2:priority ns1:resource="https://rtc.intel.com/rqm0001001/service/com.ibm.rqm.integration.service.IIntegrationService/process-info/_j9qrIlssEeaEZsWgenb8Uw/priority/literal.priority.101">literal.priority.101</ns2:priority>
    <ns2:suspect>false</ns2:suspect>
    <ns2:variables/>
    <ns2:template href="https://rtc.intel.com/rqm0001001/service/com.ibm.rqm.integration.service.IIntegrationService/resources/IOTG+PED+Central+%28Test+Management%29/template/testcase/com.ibm.rqm.planning.templates.testcase.default"/>
    <ns2:component href="https://rtc.intel.com/rqm0001001/service/com.ibm.rqm.integration.service.IIntegrationService/resources/IOTG+PED+Central+%28Test+Management%29/component/_kvNc0VssEeaEZsWgenb8Uw"/>
    </ns2:testcase> 